Name;Path_File;File-ID;Upload-Starting-Date;Status;
FF_601_V1_MUS.wav;/Users/administrator/Documents/BaseHead 5.x/Transfer/FF-601 ao 800/FF_601_V1_MUS.wav;653fed5189933c58ed09e32f;2023_10_30-17h51m48s;;
FF_602_V1_MUS.wav;/Users/administrator/Documents/BaseHead 5.x/Transfer/FF-601 ao 800/FF_602_V1_MUS.wav;653fed75020e454f1daa1182;2023_10_30-17h52m17s;;
FF_603_V1_MUS.wav;/Users/administrator/Documents/BaseHead 5.x/Transfer/FF-601 ao 800/FF_603_V1_MUS.wav;653fed922b3f77dfd7696df6;2023_10_30-17h52m54s;;
FF_604_V2_MUS.wav;/Users/administrator/Documents/BaseHead 5.x/Transfer/FF-601 ao 800/FF_604_V2_MUS.wav;653fedb0d47a442777cd5551;2023_10_30-17h53m22s;;
FF_605_V1_MUS.wav;/Users/administrator/Documents/BaseHead 5.x/Transfer/FF-601 ao 800/FF_605_V1_MUS.wav;653fedcb020e454f1daa1184;2023_10_30-17h53m52s;;
FF_606_V1_MUS.wav;/Users/administrator/Documents/BaseHead 5.x/Transfer/FF-601 ao 800/FF_606_V1_MUS.wav;653fedf2020e454f1daa1186;2023_10_30-17h54m19s;;
FF_607_V1_MUS.wav;/Users/administrator/Documents/BaseHead 5.x/Transfer/FF-601 ao 800/FF_607_V1_MUS.wav;653fee0e020e454f1daa1188;2023_10_30-17h54m58s;;
FF_608_V1_MUS.wav;/Users/administrator/Documents/BaseHead 5.x/Transfer/FF-601 ao 800/FF_608_V1_MUS.wav;653fee308423641477b6e3a6;2023_10_30-17h55m27s;;
FF_609_V1_MUS.wav;/Users/administrator/Documents/BaseHead 5.x/Transfer/FF-601 ao 800/FF_609_V1_MUS.wav;653fee522b3f77dfd7696df8;2023_10_30-17h56m00s;;
FF_610_V2_MUS.wav;/Users/administrator/Documents/BaseHead 5.x/Transfer/FF-601 ao 800/FF_610_V2_MUS.wav;653fee74d47a442777cd5553;2023_10_30-17h56m34s;;
FF_611_V1_MUS.wav;/Users/administrator/Documents/BaseHead 5.x/Transfer/FF-601 ao 800/FF_611_V1_MUS.wav;653fee932b3f77dfd7696dfa;2023_10_30-17h57m08s;;
FF_612_V3_MUS.wav;/Users/administrator/Documents/BaseHead 5.x/Transfer/FF-601 ao 800/FF_612_V3_MUS.wav;653feeb4020e454f1daa118a;2023_10_30-17h57m39s;;
FF_613_V1_MUS.wav;/Users/administrator/Documents/BaseHead 5.x/Transfer/FF-601 ao 800/FF_613_V1_MUS.wav;653feefd2b3f77dfd7696dfc;2023_10_30-17h58m12s;;
FF_614_V1_MUS.wav;/Users/administrator/Documents/BaseHead 5.x/Transfer/FF-601 ao 800/FF_614_V1_MUS.wav;653fef7e8423641477b6e3ac;2023_10_30-17h59m25s;;
FF_615_V1_MUS.wav;/Users/administrator/Documents/BaseHead 5.x/Transfer/FF-601 ao 800/FF_615_V1_MUS.wav;653fefa489933c58ed09e331;2023_10_30-18h01m34s;;
FF_616_V1_MUS.wav;/Users/administrator/Documents/BaseHead 5.x/Transfer/FF-601 ao 800/FF_616_V1_MUS.wav;653ff0de8423641477b6e3ae;2023_10_30-18h02m13s;;
FF_617_V1_MUS.wav;/Users/administrator/Documents/BaseHead 5.x/Transfer/FF-601 ao 800/FF_617_V1_MUS.wav;653ff1768423641477b6e3b2;2023_10_30-18h07m26s;;
FF_618_V1_MUS.wav;/Users/administrator/Documents/BaseHead 5.x/Transfer/FF-601 ao 800/FF_618_V1_MUS.wav;653ff1b06a6c7808cc01d971;2023_10_30-18h09m58s;;
FF_619_V1_MUS.wav;/Users/administrator/Documents/BaseHead 5.x/Transfer/FF-601 ao 800/FF_619_V1_MUS.wav;653ff1e089933c58ed09e333;2023_10_30-18h10m56s;;
FF_620_V1_MUS.wav;/Users/administrator/Documents/BaseHead 5.x/Transfer/FF-601 ao 800/FF_620_V1_MUS.wav;653ff201d47a442777cd5555;2023_10_30-18h11m44s;;
FF_621_V1_MUS.wav;/Users/administrator/Documents/BaseHead 5.x/Transfer/FF-601 ao 800/FF_621_V1_MUS.wav;653ff220d47a442777cd5557;2023_10_30-18h12m17s;;
FF_622_V1_MUS.wav;/Users/administrator/Documents/BaseHead 5.x/Transfer/FF-601 ao 800/FF_622_V1_MUS.wav;653ff2468423641477b6e3b4;2023_10_30-18h12m48s;;
FF_623_V1_MUS.wav;/Users/administrator/Documents/BaseHead 5.x/Transfer/FF-601 ao 800/FF_623_V1_MUS.wav;653ff270020e454f1daa118d;2023_10_30-18h13m27s;;
FF_624_V1_MUS.wav;/Users/administrator/Documents/BaseHead 5.x/Transfer/FF-601 ao 800/FF_624_V1_MUS.wav;653ff291d47a442777cd5559;2023_10_30-18h14m09s;;
FF_625_V1_MUS.wav;/Users/administrator/Documents/BaseHead 5.x/Transfer/FF-601 ao 800/FF_625_V1_MUS.wav;653ff2b5c321906398770225;2023_10_30-18h14m41s;;
FF_626_V1_MUS.wav;/Users/administrator/Documents/BaseHead 5.x/Transfer/FF-601 ao 800/FF_626_V1_MUS.wav;653ff2e16a6c7808cc01d973;2023_10_30-18h15m17s;;
FF_627_V1_MUS.wav;/Users/administrator/Documents/BaseHead 5.x/Transfer/FF-601 ao 800/FF_627_V1_MUS.wav;653ff3028423641477b6e3b6;2023_10_30-18h16m01s;;
FF_628_V1_MUS.wav;/Users/administrator/Documents/BaseHead 5.x/Transfer/FF-601 ao 800/FF_628_V1_MUS.wav;653ffd186a6c7808cc01d977;2023_10_30-18h58m24s;;
FF_629_V1_MUS.wav;/Users/administrator/Documents/BaseHead 5.x/Transfer/FF-601 ao 800/FF_629_V1_MUS.wav;653ffd3d2b3f77dfd7696e00;2023_10_30-18h59m36s;;
FF_630_V1_MUS.wav;/Users/administrator/Documents/BaseHead 5.x/Transfer/FF-601 ao 800/FF_630_V1_MUS.wav;653ffd6f8423641477b6e3ba;2023_10_30-19h00m14s;;
FF_631_V1_MUS.wav;/Users/administrator/Documents/BaseHead 5.x/Transfer/FF-601 ao 800/FF_631_V1_MUS.wav;653ffd92020e454f1daa1195;2023_10_30-19h01m03s;;
FF_632_V1_MUS.wav;/Users/administrator/Documents/BaseHead 5.x/Transfer/FF-601 ao 800/FF_632_V1_MUS.wav;653ffdd3020e454f1daa1197;2023_10_30-19h01m38s;;
FF_633_V1_MUS.wav;/Users/administrator/Documents/BaseHead 5.x/Transfer/FF-601 ao 800/FF_633_V1_MUS.wav;653ffe293b086efddcfcfd41;2023_10_30-19h02m43s;;
FF_634_V1_MUS.wav;/Users/administrator/Documents/BaseHead 5.x/Transfer/FF-601 ao 800/FF_634_V1_MUS.wav;653ffe8a8423641477b6e3bc;2023_10_30-19h04m09s;;
FF_635_V1_MUS.wav;/Users/administrator/Documents/BaseHead 5.x/Transfer/FF-601 ao 800/FF_635_V1_MUS.wav;653ffeb9d47a442777cd555d;2023_10_30-19h05m46s;;
FF_636_V1_MUS.wav;/Users/administrator/Documents/BaseHead 5.x/Transfer/FF-601 ao 800/FF_636_V1_MUS.wav;653ffef8020e454f1daa119b;2023_10_30-19h06m34s;;
FF_637_V1_MUS.wav;/Users/administrator/Documents/BaseHead 5.x/Transfer/FF-601 ao 800/FF_637_V1_MUS.wav;653fff1b89933c58ed09e33f;2023_10_30-19h07m36s;;
FF_638_V1_MUS.wav;/Users/administrator/Documents/BaseHead 5.x/Transfer/FF-601 ao 800/FF_638_V1_MUS.wav;653fff36020e454f1daa119d;2023_10_30-19h08m11s;;
FF_639_V1_MUS.wav;/Users/administrator/Documents/BaseHead 5.x/Transfer/FF-601 ao 800/FF_639_V1_MUS.wav;653fff558423641477b6e3be;2023_10_30-19h08m38s;;
FF_640_V1_MUS.wav;/Users/administrator/Documents/BaseHead 5.x/Transfer/FF-601 ao 800/FF_640_V1_MUS.wav;653fff73d47a442777cd555f;2023_10_30-19h09m09s;;
FF_641_V1_MUS.wav;/Users/administrator/Documents/BaseHead 5.x/Transfer/FF-601 ao 800/FF_641_V1_MUS.wav;653fff90020e454f1daa119f;2023_10_30-19h09m39s;;
FF_642_V1_MUS.wav;/Users/administrator/Documents/BaseHead 5.x/Transfer/FF-601 ao 800/FF_642_V1_MUS.wav;653fffae2b3f77dfd7696e04;2023_10_30-19h10m08s;;
FF_643_V1_MUS.wav;/Users/administrator/Documents/BaseHead 5.x/Transfer/FF-601 ao 800/FF_643_V1_MUS.wav;653fffd589933c58ed09e341;2023_10_30-19h10m38s;;
FF_644_V1_MUS.wav;/Users/administrator/Documents/BaseHead 5.x/Transfer/FF-601 ao 800/FF_644_V1_MUS.wav;653ffff56a6c7808cc01d979;2023_10_30-19h11m17s;;
FF_645_V1_MUS.wav;/Users/administrator/Documents/BaseHead 5.x/Transfer/FF-601 ao 800/FF_645_V1_MUS.wav;654000146a6c7808cc01d97b;2023_10_30-19h11m49s;;
FF_646_V1_MUS.wav;/Users/administrator/Documents/BaseHead 5.x/Transfer/FF-601 ao 800/FF_646_V1_MUS.wav;6540002f2b3f77dfd7696e08;2023_10_30-19h12m20s;;
FF_647_V1_MUS.wav;/Users/administrator/Documents/BaseHead 5.x/Transfer/FF-601 ao 800/FF_647_V1_MUS.wav;6540004bc321906398770227;2023_10_30-19h12m47s;;
FF_648_V2_MUS.wav;/Users/administrator/Documents/BaseHead 5.x/Transfer/FF-601 ao 800/FF_648_V2_MUS.wav;654000736a6c7808cc01d97d;2023_10_30-19h13m15s;;
FF_649_V2_MUS.wav;/Users/administrator/Documents/BaseHead 5.x/Transfer/FF-601 ao 800/FF_649_V2_MUS.wav;6540009a020e454f1daa11a1;2023_10_30-19h13m55s;;
FF_650_V1_MUS.wav;/Users/administrator/Documents/BaseHead 5.x/Transfer/FF-601 ao 800/FF_650_V1_MUS.wav;654000b6c321906398770229;2023_10_30-19h14m35s;;
FF_651_V1_MUS.wav;/Users/administrator/Documents/BaseHead 5.x/Transfer/FF-601 ao 800/FF_651_V1_MUS.wav;654000d9d47a442777cd5561;2023_10_30-19h15m03s;;
FF_652_V2_MUS.wav;/Users/administrator/Documents/BaseHead 5.x/Transfer/FF-601 ao 800/FF_652_V2_MUS.wav;654000fc6a6c7808cc01d97f;2023_10_30-19h15m37s;;
FF_653_V1_MUS.wav;/Users/administrator/Documents/BaseHead 5.x/Transfer/FF-601 ao 800/FF_653_V1_MUS.wav;6540011a020e454f1daa11a3;2023_10_30-19h16m13s;;
FF_654_V1_MUS.wav;/Users/administrator/Documents/BaseHead 5.x/Transfer/FF-601 ao 800/FF_654_V1_MUS.wav;654001396a6c7808cc01d981;2023_10_30-19h16m42s;;
FF_655_V1_MUS.wav;/Users/administrator/Documents/BaseHead 5.x/Transfer/FF-601 ao 800/FF_655_V1_MUS.wav;654001586a6c7808cc01d983;2023_10_30-19h17m13s;;
FF_656_V1_MUS.wav;/Users/administrator/Documents/BaseHead 5.x/Transfer/FF-601 ao 800/FF_656_V1_MUS.wav;6540017589933c58ed09e347;2023_10_30-19h17m45s;;
FF_657_V1_MUS.wav;/Users/administrator/Documents/BaseHead 5.x/Transfer/FF-601 ao 800/FF_657_V1_MUS.wav;6540018fc32190639877022b;2023_10_30-19h18m13s;;
FF_658_V1_MUS.wav;/Users/administrator/Documents/BaseHead 5.x/Transfer/FF-601 ao 800/FF_658_V1_MUS.wav;654001b6d47a442777cd5565;2023_10_30-19h18m39s;;
FF_659_V1_MUS.wav;/Users/administrator/Documents/BaseHead 5.x/Transfer/FF-601 ao 800/FF_659_V1_MUS.wav;654001db6a6c7808cc01d985;2023_10_30-19h19m18s;;
FF_660_V1_MUS.wav;/Users/administrator/Documents/BaseHead 5.x/Transfer/FF-601 ao 800/FF_660_V1_MUS.wav;654001f86a6c7808cc01d987;2023_10_30-19h19m56s;;
FF_661_V1_MUS.wav;/Users/administrator/Documents/BaseHead 5.x/Transfer/FF-601 ao 800/FF_661_V1_MUS.wav;65400215020e454f1daa11a5;2023_10_30-19h20m24s;;
FF_662_V1_MUS.wav;/Users/administrator/Documents/BaseHead 5.x/Transfer/FF-601 ao 800/FF_662_V1_MUS.wav;6540023189933c58ed09e349;2023_10_30-19h20m53s;;
FF_663_V1_MUS.wav;/Users/administrator/Documents/BaseHead 5.x/Transfer/FF-601 ao 800/FF_663_V1_MUS.wav;65400251020e454f1daa11a7;2023_10_30-19h21m21s;;
FF_664_V2_MUS.wav;/Users/administrator/Documents/BaseHead 5.x/Transfer/FF-601 ao 800/FF_664_V2_MUS.wav;6540026dc32190639877022d;2023_10_30-19h21m53s;;
FF_665_V1_MUS.wav;/Users/administrator/Documents/BaseHead 5.x/Transfer/FF-601 ao 800/FF_665_V1_MUS.wav;65400293c32190639877022f;2023_10_30-19h22m21s;;
FF_666_V1_MUS.wav;/Users/administrator/Documents/BaseHead 5.x/Transfer/FF-601 ao 800/FF_666_V1_MUS.wav;654002b0020e454f1daa11a9;2023_10_30-19h22m59s;;
FF_667_V1_MUS.wav;/Users/administrator/Documents/BaseHead 5.x/Transfer/FF-601 ao 800/FF_667_V1_MUS.wav;654002cd020e454f1daa11ab;2023_10_30-19h23m28s;;
FF_668_V1_MUS.wav;/Users/administrator/Documents/BaseHead 5.x/Transfer/FF-601 ao 800/FF_668_V1_MUS.wav;654002ea020e454f1daa11ad;2023_10_30-19h23m57s;;
FF_669_V1_MUS.wav;/Users/administrator/Documents/BaseHead 5.x/Transfer/FF-601 ao 800/FF_669_V1_MUS.wav;6540030cc321906398770231;2023_10_30-19h24m26s;;
FF_670_V1_MUS.wav;/Users/administrator/Documents/BaseHead 5.x/Transfer/FF-601 ao 800/FF_670_V1_MUS.wav;654003292b3f77dfd7696e0c;2023_10_30-19h25m00s;;
FF_671_V2_MUS.wav;/Users/administrator/Documents/BaseHead 5.x/Transfer/FF-601 ao 800/FF_671_V2_MUS.wav;65400347020e454f1daa11b3;2023_10_30-19h25m30s;;
FF_672_V1_MUS.wav;/Users/administrator/Documents/BaseHead 5.x/Transfer/FF-601 ao 800/FF_672_V1_MUS.wav;65400361020e454f1daa11b7;2023_10_30-19h25m59s;;
FF_673_V1_MUS.wav;/Users/administrator/Documents/BaseHead 5.x/Transfer/FF-601 ao 800/FF_673_V1_MUS.wav;6540038689933c58ed09e34b;2023_10_30-19h26m26s;;
FF_674_V1_MUS.wav;/Users/administrator/Documents/BaseHead 5.x/Transfer/FF-601 ao 800/FF_674_V1_MUS.wav;654003a2020e454f1daa11b9;2023_10_30-19h27m03s;;
FF_675_V1_MUS.wav;/Users/administrator/Documents/BaseHead 5.x/Transfer/FF-601 ao 800/FF_675_V1_MUS.wav;654003bf6a6c7808cc01d98f;2023_10_30-19h27m30s;;
FF_676_V2_MUS.wav;/Users/administrator/Documents/BaseHead 5.x/Transfer/FF-601 ao 800/FF_676_V2_MUS.wav;654003ded47a442777cd556d;2023_10_30-19h27m59s;;
FF_677_V1_MUS.wav;/Users/administrator/Documents/BaseHead 5.x/Transfer/FF-601 ao 800/FF_677_V1_MUS.wav;654004016a6c7808cc01d991;2023_10_30-19h28m30s;;
FF_678_V1_MUS.wav;/Users/administrator/Documents/BaseHead 5.x/Transfer/FF-601 ao 800/FF_678_V1_MUS.wav;6540042189933c58ed09e34d;2023_10_30-19h29m05s;;
FF_679_V1_MUS.wav;/Users/administrator/Documents/BaseHead 5.x/Transfer/FF-601 ao 800/FF_679_V1_MUS.wav;654004408423641477b6e3ca;2023_10_30-19h29m37s;;
FF_680_V1_MUS.wav;/Users/administrator/Documents/BaseHead 5.x/Transfer/FF-601 ao 800/FF_680_V1_MUS.wav;65400467020e454f1daa11bb;2023_10_30-19h30m08s;;
FF_681_V1_MUS.wav;/Users/administrator/Documents/BaseHead 5.x/Transfer/FF-601 ao 800/FF_681_V1_MUS.wav;6540048cc321906398770235;2023_10_30-19h30m47s;;
FF_682_V1_MUS.wav;/Users/administrator/Documents/BaseHead 5.x/Transfer/FF-601 ao 800/FF_682_V1_MUS.wav;654004aad47a442777cd556f;2023_10_30-19h31m25s;;
FF_683_V1_MUS.wav;/Users/administrator/Documents/BaseHead 5.x/Transfer/FF-601 ao 800/FF_683_V1_MUS.wav;654004ca6a6c7808cc01d993;2023_10_30-19h31m54s;;
FF_684_V2_MUS.wav;/Users/administrator/Documents/BaseHead 5.x/Transfer/FF-601 ao 800/FF_684_V2_MUS.wav;654004e7d47a442777cd5571;2023_10_30-19h32m26s;;
FF_685_V1_MUS.wav;/Users/administrator/Documents/BaseHead 5.x/Transfer/FF-601 ao 800/FF_685_V1_MUS.wav;65400503c321906398770237;2023_10_30-19h32m56s;;
FF_686_V1_MUS.wav;/Users/administrator/Documents/BaseHead 5.x/Transfer/FF-601 ao 800/FF_686_V1_MUS.wav;6540051f8423641477b6e3cc;2023_10_30-19h33m23s;;
FF_687_V1_MUS.wav;/Users/administrator/Documents/BaseHead 5.x/Transfer/FF-601 ao 800/FF_687_V1_MUS.wav;6540053e6a6c7808cc01d997;2023_10_30-19h33m51s;;
FF_688_V1_MUS.wav;/Users/administrator/Documents/BaseHead 5.x/Transfer/FF-601 ao 800/FF_688_V1_MUS.wav;6540055d8423641477b6e3ce;2023_10_30-19h34m22s;;
FF_689_V1_MUS.wav;/Users/administrator/Documents/BaseHead 5.x/Transfer/FF-601 ao 800/FF_689_V1_MUS.wav;6540057c3b086efddcfcfd45;2023_10_30-19h34m53s;;
FF_690_V1_MUS.wav;/Users/administrator/Documents/BaseHead 5.x/Transfer/FF-601 ao 800/FF_690_V1_MUS.wav;6540059f6a6c7808cc01d999;2023_10_30-19h35m24s;;
FF_691_V1_MUS.wav;/Users/administrator/Documents/BaseHead 5.x/Transfer/FF-601 ao 800/FF_691_V1_MUS.wav;654005c4020e454f1daa11bd;2023_10_30-19h35m59s;;
FF_692_V1_MUS.wav;/Users/administrator/Documents/BaseHead 5.x/Transfer/FF-601 ao 800/FF_692_V1_MUS.wav;654005e9d47a442777cd5573;2023_10_30-19h36m36s;;
FF_693_V2_MUS.wav;/Users/administrator/Documents/BaseHead 5.x/Transfer/FF-601 ao 800/FF_693_V2_MUS.wav;654006082b3f77dfd7696e12;2023_10_30-19h37m13s;;
FF_694_V2_MUS.wav;/Users/administrator/Documents/BaseHead 5.x/Transfer/FF-601 ao 800/FF_694_V2_MUS.wav;654006316a6c7808cc01d99b;2023_10_30-19h37m45s;;
FF_695_V2_MUS.wav;/Users/administrator/Documents/BaseHead 5.x/Transfer/FF-601 ao 800/FF_695_V2_MUS.wav;6540064d020e454f1daa11bf;2023_10_30-19h38m25s;;
FF_696_V2_MUS.wav;/Users/administrator/Documents/BaseHead 5.x/Transfer/FF-601 ao 800/FF_696_V2_MUS.wav;65400671c321906398770239;2023_10_30-19h38m53s;;
FF_697_V2_MUS.wav;/Users/administrator/Documents/BaseHead 5.x/Transfer/FF-601 ao 800/FF_697_V2_MUS.wav;654006892b3f77dfd7696e14;2023_10_30-19h39m29s;;
FF_698_V1_MUS.wav;/Users/administrator/Documents/BaseHead 5.x/Transfer/FF-601 ao 800/FF_698_V1_MUS.wav;654006aa89933c58ed09e351;2023_10_30-19h39m54s;;
FF_699_V1_MUS.wav;/Users/administrator/Documents/BaseHead 5.x/Transfer/FF-601 ao 800/FF_699_V1_MUS.wav;654006ca020e454f1daa11c3;2023_10_30-19h40m26s;;
FF_700_V1_MUS.wav;/Users/administrator/Documents/BaseHead 5.x/Transfer/FF-601 ao 800/FF_700_V1_MUS.wav;654006ef020e454f1daa11c5;2023_10_30-19h40m59s;;
FF_701_V1_MUS.wav;/Users/administrator/Documents/BaseHead 5.x/Transfer/FF-601 ao 800/FF_701_V1_MUS.wav;65400709c32190639877023b;2023_10_30-19h41m35s;;
FF_702_V1_MUS.wav;/Users/administrator/Documents/BaseHead 5.x/Transfer/FF-601 ao 800/FF_702_V1_MUS.wav;65400728020e454f1daa11c7;2023_10_30-19h42m01s;;
FF_703_V1_MUS.wav;/Users/administrator/Documents/BaseHead 5.x/Transfer/FF-601 ao 800/FF_703_V1_MUS.wav;654007466a6c7808cc01d99d;2023_10_30-19h42m32s;;
FF_704_V1_MUS.wav;/Users/administrator/Documents/BaseHead 5.x/Transfer/FF-601 ao 800/FF_704_V1_MUS.wav;65400772020e454f1daa11c9;2023_10_30-19h43m02s;;
FF_705_V1_MUS.wav;/Users/administrator/Documents/BaseHead 5.x/Transfer/FF-601 ao 800/FF_705_V1_MUS.wav;6540078f8423641477b6e3d4;2023_10_30-19h43m46s;;
FF_706_V1_MUS.wav;/Users/administrator/Documents/BaseHead 5.x/Transfer/FF-601 ao 800/FF_706_V1_MUS.wav;654007b189933c58ed09e353;2023_10_30-19h44m15s;;
FF_707_V1_MUS.wav;/Users/administrator/Documents/BaseHead 5.x/Transfer/FF-601 ao 800/FF_707_V1_MUS.wav;654007d32b3f77dfd7696e1a;2023_10_30-19h44m49s;;
FF_708_V2_MUS.wav;/Users/administrator/Documents/BaseHead 5.x/Transfer/FF-601 ao 800/FF_708_V2_MUS.wav;654007f8020e454f1daa11cf;2023_10_30-19h45m23s;;
FF_709_V1_MUS.wav;/Users/administrator/Documents/BaseHead 5.x/Transfer/FF-601 ao 800/FF_709_V1_MUS.wav;654008182b3f77dfd7696e22;2023_10_30-19h46m00s;;
FF_710_V2_MUS.wav;/Users/administrator/Documents/BaseHead 5.x/Transfer/FF-601 ao 800/FF_710_V2_MUS.wav;654008566a6c7808cc01d9b1;2023_10_30-19h46m32s;;
FF_711_V2_MUS.wav;/Users/administrator/Documents/BaseHead 5.x/Transfer/FF-601 ao 800/FF_711_V2_MUS.wav;6540087e8423641477b6e3e0;2023_10_30-19h47m34s;;
FF_712_V2_MUS.wav;/Users/administrator/Documents/BaseHead 5.x/Transfer/FF-601 ao 800/FF_712_V2_MUS.wav;6540089f89933c58ed09e367;2023_10_30-19h48m14s;;
FF_713_V1_MUS.wav;/Users/administrator/Documents/BaseHead 5.x/Transfer/FF-601 ao 800/FF_713_V1_MUS.wav;654008be2b3f77dfd7696e2a;2023_10_30-19h48m47s;;
FF_714_V1_MUS.wav;/Users/administrator/Documents/BaseHead 5.x/Transfer/FF-601 ao 800/FF_714_V1_MUS.wav;654008da3b086efddcfcfd4f;2023_10_30-19h49m18s;;
FF_715_V1_MUS.wav;/Users/administrator/Documents/BaseHead 5.x/Transfer/FF-601 ao 800/FF_715_V1_MUS.wav;654008f8020e454f1daa11ef;2023_10_30-19h49m46s;;
FF_716_V1_MUS.wav;/Users/administrator/Documents/BaseHead 5.x/Transfer/FF-601 ao 800/FF_716_V1_MUS.wav;65400916020e454f1daa11f1;2023_10_30-19h50m17s;;
FF_717_V1_MUS.wav;/Users/administrator/Documents/BaseHead 5.x/Transfer/FF-601 ao 800/FF_717_V1_MUS.wav;65400938020e454f1daa11f3;2023_10_30-19h50m47s;;
FF_718_V1_MUS.wav;/Users/administrator/Documents/BaseHead 5.x/Transfer/FF-601 ao 800/FF_718_V1_MUS.wav;654009576a6c7808cc01d9bd;2023_10_30-19h51m21s;;
FF_719_V1_MUS.wav;/Users/administrator/Documents/BaseHead 5.x/Transfer/FF-601 ao 800/FF_719_V1_MUS.wav;6540097d6a6c7808cc01d9bf;2023_10_30-19h51m51s;;
FF_720_V1_MUS.wav;/Users/administrator/Documents/BaseHead 5.x/Transfer/FF-601 ao 800/FF_720_V1_MUS.wav;6540099bd47a442777cd5587;2023_10_30-19h52m29s;;
FF_721_V1_MUS.wav;/Users/administrator/Documents/BaseHead 5.x/Transfer/FF-601 ao 800/FF_721_V1_MUS.wav;654009b789933c58ed09e369;2023_10_30-19h52m59s;;
FF_722_V1_MUS.wav;/Users/administrator/Documents/BaseHead 5.x/Transfer/FF-601 ao 800/FF_722_V1_MUS.wav;654009d9020e454f1daa11f5;2023_10_30-19h53m27s;;
FF_723_V2_MUS.wav;/Users/administrator/Documents/BaseHead 5.x/Transfer/FF-601 ao 800/FF_723_V2_MUS.wav;654009fe6a6c7808cc01d9c1;2023_10_30-19h54m01s;;
FF_724_V1_MUS.wav;/Users/administrator/Documents/BaseHead 5.x/Transfer/FF-601 ao 800/FF_724_V1_MUS.wav;65400a1dd47a442777cd5589;2023_10_30-19h54m39s;;
FF_725_V1_MUS.wav;/Users/administrator/Documents/BaseHead 5.x/Transfer/FF-601 ao 800/FF_725_V1_MUS.wav;65400a4989933c58ed09e36b;2023_10_30-19h55m09s;;
FF_726_V1_MUS.wav;/Users/administrator/Documents/BaseHead 5.x/Transfer/FF-601 ao 800/FF_726_V1_MUS.wav;65400a6f6a6c7808cc01d9c5;2023_10_30-19h55m53s;;
FF_727_V1_MUS.wav;/Users/administrator/Documents/BaseHead 5.x/Transfer/FF-601 ao 800/FF_727_V1_MUS.wav;65400a9a020e454f1daa11f7;2023_10_30-19h56m31s;;
FF_728_V1_MUS.wav;/Users/administrator/Documents/BaseHead 5.x/Transfer/FF-601 ao 800/FF_728_V1_MUS.wav;65400aba6a6c7808cc01d9c7;2023_10_30-19h57m14s;;
FF_729_V1_MUS.wav;/Users/administrator/Documents/BaseHead 5.x/Transfer/FF-601 ao 800/FF_729_V1_MUS.wav;65400ad76a6c7808cc01d9c9;2023_10_30-19h57m46s;;
FF_730_V1_MUS.wav;/Users/administrator/Documents/BaseHead 5.x/Transfer/FF-601 ao 800/FF_730_V1_MUS.wav;65400af789933c58ed09e36f;2023_10_30-19h58m15s;;
FF_731_V1_MUS.wav;/Users/administrator/Documents/BaseHead 5.x/Transfer/FF-601 ao 800/FF_731_V1_MUS.wav;65400b128423641477b6e3e2;2023_10_30-19h58m47s;;
FF_732_V1_MUS.wav;/Users/administrator/Documents/BaseHead 5.x/Transfer/FF-601 ao 800/FF_732_V1_MUS.wav;65400b2e6a6c7808cc01d9cb;2023_10_30-19h59m14s;;
FF_733_V1_MUS.wav;/Users/administrator/Documents/BaseHead 5.x/Transfer/FF-601 ao 800/FF_733_V1_MUS.wav;65400b51020e454f1daa11f9;2023_10_30-19h59m43s;;
FF_734_V1_MUS.wav;/Users/administrator/Documents/BaseHead 5.x/Transfer/FF-601 ao 800/FF_734_V1_MUS.wav;65400b7f8423641477b6e3e4;2023_10_30-20h00m18s;;
FF_735_V1_MUS.wav;/Users/administrator/Documents/BaseHead 5.x/Transfer/FF-601 ao 800/FF_735_V1_MUS.wav;65400bf46a6c7808cc01d9d1;2023_10_30-20h01m03s;;
FF_736_V1_MUS.wav;/Users/administrator/Documents/BaseHead 5.x/Transfer/FF-601 ao 800/FF_736_V1_MUS.wav;65400c13c321906398770251;2023_10_30-20h03m01s;;
FF_737_V2_MUS.wav;/Users/administrator/Documents/BaseHead 5.x/Transfer/FF-601 ao 800/FF_737_V2_MUS.wav;65400c662b3f77dfd7696e30;2023_10_30-20h03m31s;;
FF_738_V2_MUS.wav;/Users/administrator/Documents/BaseHead 5.x/Transfer/FF-601 ao 800/FF_738_V2_MUS.wav;65400c94020e454f1daa11fd;2023_10_30-20h04m55s;;
FF_739_V1_MUS.wav;/Users/administrator/Documents/BaseHead 5.x/Transfer/FF-601 ao 800/FF_739_V1_MUS.wav;65400cb7020e454f1daa11ff;2023_10_30-20h05m40s;;
FF_740_V1_MUS.wav;/Users/administrator/Documents/BaseHead 5.x/Transfer/FF-601 ao 800/FF_740_V1_MUS.wav;65400cd489933c58ed09e373;2023_10_30-20h06m15s;;
FF_741_V1_MUS.wav;/Users/administrator/Documents/BaseHead 5.x/Transfer/FF-601 ao 800/FF_741_V1_MUS.wav;65400cf06a6c7808cc01d9d9;2023_10_30-20h06m44s;;
FF_742_V1_MUS.wav;/Users/administrator/Documents/BaseHead 5.x/Transfer/FF-601 ao 800/FF_742_V1_MUS.wav;65400d13d47a442777cd5593;2023_10_30-20h07m12s;;
FF_743_V1_MUS.wav;/Users/administrator/Documents/BaseHead 5.x/Transfer/FF-601 ao 800/FF_743_V1_MUS.wav;65400d3689933c58ed09e375;2023_10_30-20h07m47s;;
FF_744_V1_MUS.wav;/Users/administrator/Documents/BaseHead 5.x/Transfer/FF-601 ao 800/FF_744_V1_MUS.wav;65400d5f020e454f1daa1201;2023_10_30-20h08m23s;;
FF_745_V1_MUS.wav;/Users/administrator/Documents/BaseHead 5.x/Transfer/FF-601 ao 800/FF_745_V1_MUS.wav;65400d7cd47a442777cd5595;2023_10_30-20h09m03s;;
FF_746_V1_MUS.wav;/Users/administrator/Documents/BaseHead 5.x/Transfer/FF-601 ao 800/FF_746_V1_MUS.wav;65400d9889933c58ed09e377;2023_10_30-20h09m33s;;
FF_747_V1_MUS.wav;/Users/administrator/Documents/BaseHead 5.x/Transfer/FF-601 ao 800/FF_747_V1_MUS.wav;65400db62b3f77dfd7696e32;2023_10_30-20h10m00s;;
FF_748_V1_MUS.wav;/Users/administrator/Documents/BaseHead 5.x/Transfer/FF-601 ao 800/FF_748_V1_MUS.wav;65400dd86a6c7808cc01d9db;2023_10_30-20h10m30s;;
FF_749_V1_MUS.wav;/Users/administrator/Documents/BaseHead 5.x/Transfer/FF-601 ao 800/FF_749_V1_MUS.wav;65400df76a6c7808cc01d9dd;2023_10_30-20h11m04s;;
FF_750_V1_MUS.wav;/Users/administrator/Documents/BaseHead 5.x/Transfer/FF-601 ao 800/FF_750_V1_MUS.wav;65400e1b89933c58ed09e379;2023_10_30-20h11m35s;;
FF_751_V1_MUS.wav;/Users/administrator/Documents/BaseHead 5.x/Transfer/FF-601 ao 800/FF_751_V1_MUS.wav;65400e3ed47a442777cd5597;2023_10_30-20h12m11s;;
FF_752_V1_MUS.wav;/Users/administrator/Documents/BaseHead 5.x/Transfer/FF-601 ao 800/FF_752_V1_MUS.wav;65400e5d89933c58ed09e37b;2023_10_30-20h12m47s;;
FF_753_V1_MUS.wav;/Users/administrator/Documents/BaseHead 5.x/Transfer/FF-601 ao 800/FF_753_V1_MUS.wav;65400e7889933c58ed09e37d;2023_10_30-20h13m17s;;
FF_754_V1_MUS.wav;/Users/administrator/Documents/BaseHead 5.x/Transfer/FF-601 ao 800/FF_754_V1_MUS.wav;65400e952b3f77dfd7696e36;2023_10_30-20h13m44s;;
FF_755_V1_MUS.wav;/Users/administrator/Documents/BaseHead 5.x/Transfer/FF-601 ao 800/FF_755_V1_MUS.wav;65400ebfd47a442777cd5599;2023_10_30-20h14m14s;;
FF_756_V1_MUS.wav;/Users/administrator/Documents/BaseHead 5.x/Transfer/FF-601 ao 800/FF_756_V1_MUS.wav;65400edc020e454f1daa1203;2023_10_30-20h14m55s;;
FF_757_V1_MUS.wav;/Users/administrator/Documents/BaseHead 5.x/Transfer/FF-601 ao 800/FF_757_V1_MUS.wav;65400efa89933c58ed09e37f;2023_10_30-20h15m24s;;
FF_758_V1_MUS.wav;/Users/administrator/Documents/BaseHead 5.x/Transfer/FF-601 ao 800/FF_758_V1_MUS.wav;65400f24020e454f1daa1205;2023_10_30-20h15m54s;;
FF_759_V1_MUS.wav;/Users/administrator/Documents/BaseHead 5.x/Transfer/FF-601 ao 800/FF_759_V1_MUS.wav;65400f4189933c58ed09e381;2023_10_30-20h16m36s;;
FF_760_V1_MUS.wav;/Users/administrator/Documents/BaseHead 5.x/Transfer/FF-601 ao 800/FF_760_V1_MUS.wav;65400f5f6a6c7808cc01d9df;2023_10_30-20h17m05s;;
FF_761_V1_MUS.wav;/Users/administrator/Documents/BaseHead 5.x/Transfer/FF-601 ao 800/FF_761_V1_MUS.wav;65400f7d89933c58ed09e383;2023_10_30-20h17m36s;;
FF_762_V1_MUS.wav;/Users/administrator/Documents/BaseHead 5.x/Transfer/FF-601 ao 800/FF_762_V1_MUS.wav;65400f9a6a6c7808cc01d9e1;2023_10_30-20h18m06s;;
FF_763_V1_MUS.wav;/Users/administrator/Documents/BaseHead 5.x/Transfer/FF-601 ao 800/FF_763_V1_MUS.wav;65400fb8d47a442777cd559d;2023_10_30-20h18m34s;;
FF_764_V1_MUS.wav;/Users/administrator/Documents/BaseHead 5.x/Transfer/FF-601 ao 800/FF_764_V1_MUS.wav;65400fd68423641477b6e3ea;2023_10_30-20h19m04s;;
FF_765_V1_MUS.wav;/Users/administrator/Documents/BaseHead 5.x/Transfer/FF-601 ao 800/FF_765_V1_MUS.wav;65400ff3d47a442777cd559f;2023_10_30-20h19m34s;;
FF_766_V2_MUS.wav;/Users/administrator/Documents/BaseHead 5.x/Transfer/FF-601 ao 800/FF_766_V2_MUS.wav;65401010c321906398770253;2023_10_30-20h20m03s;;
FF_767_V1_MUS.wav;/Users/administrator/Documents/BaseHead 5.x/Transfer/FF-601 ao 800/FF_767_V1_MUS.wav;6540103089933c58ed09e385;2023_10_30-20h20m32s;;
FF_768_V1_MUS.wav;/Users/administrator/Documents/BaseHead 5.x/Transfer/FF-601 ao 800/FF_768_V1_MUS.wav;6540104f020e454f1daa1207;2023_10_30-20h21m04s;;
FF_769_V1_MUS.wav;/Users/administrator/Documents/BaseHead 5.x/Transfer/FF-601 ao 800/FF_769_V1_MUS.wav;6540106b020e454f1daa1209;2023_10_30-20h21m35s;;
FF_770_V1_MUS.wav;/Users/administrator/Documents/BaseHead 5.x/Transfer/FF-601 ao 800/FF_770_V1_MUS.wav;654010953b086efddcfcfd51;2023_10_30-20h22m03s;;
FF_771_V1_MUS.wav;/Users/administrator/Documents/BaseHead 5.x/Transfer/FF-601 ao 800/FF_771_V1_MUS.wav;654010b1c321906398770255;2023_10_30-20h22m45s;;
FF_772_V1_MUS.wav;/Users/administrator/Documents/BaseHead 5.x/Transfer/FF-601 ao 800/FF_772_V1_MUS.wav;654010cfd47a442777cd55a1;2023_10_30-20h23m13s;;
FF_773_V2_MUS.wav;/Users/administrator/Documents/BaseHead 5.x/Transfer/FF-601 ao 800/FF_773_V2_MUS.wav;654010e92b3f77dfd7696e38;2023_10_30-20h23m43s;;
FF_774_V1_MUS.wav;/Users/administrator/Documents/BaseHead 5.x/Transfer/FF-601 ao 800/FF_774_V1_MUS.wav;6540110d020e454f1daa120d;2023_10_30-20h24m09s;;
FF_775_V1_MUS.wav;/Users/administrator/Documents/BaseHead 5.x/Transfer/FF-601 ao 800/FF_775_V1_MUS.wav;6540112f89933c58ed09e387;2023_10_30-20h24m45s;;
FF_776_V1_MUS.wav;/Users/administrator/Documents/BaseHead 5.x/Transfer/FF-601 ao 800/FF_776_V1_MUS.wav;6540114ed47a442777cd55a5;2023_10_30-20h25m19s;;
FF_777_V1_MUS.wav;/Users/administrator/Documents/BaseHead 5.x/Transfer/FF-601 ao 800/FF_777_V1_MUS.wav;654011718423641477b6e3ec;2023_10_30-20h25m50s;;
FF_778_V1_MUS.wav;/Users/administrator/Documents/BaseHead 5.x/Transfer/FF-601 ao 800/FF_778_V1_MUS.wav;654011952b3f77dfd7696e3c;2023_10_30-20h26m25s;;
FF_779_V1_MUS.wav;/Users/administrator/Documents/BaseHead 5.x/Transfer/FF-601 ao 800/FF_779_V1_MUS.wav;654011b08423641477b6e3ee;2023_10_30-20h27m01s;;
FF_780_V1_MUS.wav;/Users/administrator/Documents/BaseHead 5.x/Transfer/FF-601 ao 800/FF_780_V1_MUS.wav;654011d06a6c7808cc01d9e3;2023_10_30-20h27m28s;;
FF_781_V1_MUS.wav;/Users/administrator/Documents/BaseHead 5.x/Transfer/FF-601 ao 800/FF_781_V1_MUS.wav;654011ed020e454f1daa120f;2023_10_30-20h28m00s;;
FF_782_V1_MUS.wav;/Users/administrator/Documents/BaseHead 5.x/Transfer/FF-601 ao 800/FF_782_V1_MUS.wav;654012083b086efddcfcfd53;2023_10_30-20h28m29s;;
FF_783_V1_MUS.wav;/Users/administrator/Documents/BaseHead 5.x/Transfer/FF-601 ao 800/FF_783_V1_MUS.wav;654012263b086efddcfcfd55;2023_10_30-20h28m57s;;
FF_784_V1_MUS.wav;/Users/administrator/Documents/BaseHead 5.x/Transfer/FF-601 ao 800/FF_784_V1_MUS.wav;65401241020e454f1daa1211;2023_10_30-20h29m26s;;
FF_785_V1_MUS.wav;/Users/administrator/Documents/BaseHead 5.x/Transfer/FF-601 ao 800/FF_785_V1_MUS.wav;6540125ec321906398770257;2023_10_30-20h29m53s;;
FF_786_V1_MUS.wav;/Users/administrator/Documents/BaseHead 5.x/Transfer/FF-601 ao 800/FF_786_V1_MUS.wav;654012876a6c7808cc01d9e5;2023_10_30-20h30m22s;;
FF_787_V1_MUS.wav;/Users/administrator/Documents/BaseHead 5.x/Transfer/FF-601 ao 800/FF_787_V1_MUS.wav;654012a32b3f77dfd7696e3e;2023_10_30-20h31m03s;;
FF_788_V1_MUS.wav;/Users/administrator/Documents/BaseHead 5.x/Transfer/FF-601 ao 800/FF_788_V1_MUS.wav;654012c7d47a442777cd55a7;2023_10_30-20h31m31s;;
FF_789_V1_MUS.wav;/Users/administrator/Documents/BaseHead 5.x/Transfer/FF-601 ao 800/FF_789_V1_MUS.wav;654012e2c321906398770259;2023_10_30-20h32m07s;;
FF_790_V1_MUS.wav;/Users/administrator/Documents/BaseHead 5.x/Transfer/FF-601 ao 800/FF_790_V1_MUS.wav;654013032b3f77dfd7696e40;2023_10_30-20h32m34s;;
FF_791_V1_MUS.wav;/Users/administrator/Documents/BaseHead 5.x/Transfer/FF-601 ao 800/FF_791_V1_MUS.wav;654013236a6c7808cc01d9e7;2023_10_30-20h33m07s;;
FF_792_V1_MUS.wav;/Users/administrator/Documents/BaseHead 5.x/Transfer/FF-601 ao 800/FF_792_V1_MUS.wav;6540133f2b3f77dfd7696e42;2023_10_30-20h33m40s;;
FF_793_V1_MUS.wav;/Users/administrator/Documents/BaseHead 5.x/Transfer/FF-601 ao 800/FF_793_V1_MUS.wav;6540135b2b3f77dfd7696e44;2023_10_30-20h34m07s;;
FF_794_V1_MUS.wav;/Users/administrator/Documents/BaseHead 5.x/Transfer/FF-601 ao 800/FF_794_V1_MUS.wav;6540137a8423641477b6e3f0;2023_10_30-20h34m36s;;
FF_795_V1_MUS.wav;/Users/administrator/Documents/BaseHead 5.x/Transfer/FF-601 ao 800/FF_795_V1_MUS.wav;65401399c32190639877025b;2023_10_30-20h35m06s;;
FF_796_V2_MUS.wav;/Users/administrator/Documents/BaseHead 5.x/Transfer/FF-601 ao 800/FF_796_V2_MUS.wav;654013d43b086efddcfcfd57;2023_10_30-20h36m06s;;
FF_797_V2_MUS.wav;/Users/administrator/Documents/BaseHead 5.x/Transfer/FF-601 ao 800/FF_797_V2_MUS.wav;654013f4020e454f1daa1215;2023_10_30-20h36m37s;;
FF_798_V1_MUS.wav;/Users/administrator/Documents/BaseHead 5.x/Transfer/FF-601 ao 800/FF_798_V1_MUS.wav;6540141289933c58ed09e389;2023_10_30-20h37m08s;;
FF_799_V1_MUS.wav;/Users/administrator/Documents/BaseHead 5.x/Transfer/FF-601 ao 800/FF_799_V1_MUS.wav;654014306a6c7808cc01d9e9;2023_10_30-20h37m38s;;
FF_800_V1_MUS.wav;/Users/administrator/Documents/BaseHead 5.x/Transfer/FF-601 ao 800/FF_800_V1_MUS.wav;654013b6020e454f1daa1213;2023_10_30-20h35m38s;;