Name	Forward	Reverse	Size
test	GTACTGCTAGTTCTCCGGCTGCT	GGGATCTGTTGGCATATCGACG	500
test2	TGGTGACGCATACCGAACGT	GCCGCTGGTGTGTGATCCCGAGCGG 500
hemL_v1a	AGTTCTCCGGCTGCTACCAC	CGCCGAAGAACACACTGAGC	500
noUMIv3_atpE_redo2	GGAGCTCGAAGAGGAACACC	TGGGAATGAGGAAGTTGCTG	500
ddn_90	CATCGAGCGGATTTAACCTAGC	CGGTTCCGGTCTATGGGG	500
fbiC_1_143	CGCGAACACAAACGACATCT	ACGGTGACGAACGTGCAATA	500
fbiC_2_162	ATCGAGGATTACCTGGCGAC	CAACGAATCAGCCAGTGCG	500
fbiC_3.1_7	GCGCGATATTCAGGACCGTA	CCGGCTCCTGCAACAACTAT	500
fbiC_3.2_8	CTGGCTGATTCGTTGCGCCG	GCTCAGCCCGCTCTTGGTGA	500
fgd1_228	CGCGAGTCTAGGAGCGAGCG	ATCGAGGCACCCTTGAGCCG	500
fibB_210	GATGACCGACCCGAACGCGA	GGCATAGTTGCGCAGCACCG	500
gyrA_noUMI_LN	AAGTGACGCTGGACGACGCC	ATTGCCTGGCGAGCCGAAGT	500
gyrB_226	GGCCGCTGTGATCTCGGTGA	GCGCTCGCGGTCGGAGTATG	500
nanoUMI_hsp_v2	TCTCAAACGCGGCATCGAAAAG	GTAGTCGGAGTCGCTGTTCTCG	500
nanoUMI_ln_v2b_1	GATCGACGCTGGCAGGAT	TCACCTTGCGATCATTGCTC	500
nanoUMI_ln_v2b_5	CAGTTTGCTGCCAATTCTGC	CAGCCAGCAGTCCAGTATC	500
nanoUMI_noUT_lnv2_p3	CGTCGACGTCAACATCCAG	GAGTGTCTTCTGCTCTTGCG	500
nanoUMI_noUT_lnv2_p4	AGCGGACATCAATTACGTGC	TGGGAATGAGGAAGTTGCTG	500
nanoUMI_noUT_lnv2_p7	TCGCGATGGAACGTGATATC	GGTCATGTTCGCGATCGTC	500
rv0678_238	TGGTGACGCATACCGAACGTCA	GCGCCTCGTTGTTGTTGGGC	500
rrl_1_D	ACCGGAATATCGTGAACACCC	AGGTTTCACAGTCTCCCACC	500
rrl_2_B	CAGTTGGGGCGGAGTCGTTG	TTGAACCCGTGTTCTGCGGG	500